width,height,mean,std,28sum_R+28sum_C,digit
27,27,0.2866092862614733,0.9840502957738686,224.98828971525654,0
27,27,0.3671280279298829,1.1043978898479812,288.1955019249581,0
27,27,-0.04158082752292798,0.6280733611616264,-32.64094960549846,0
27,27,0.06580697495644544,0.7536510149656604,51.65847534080967,0
27,27,0.3061186832624968,1.0272931393591442,240.30316636106,0
27,27,0.17519143260006978,0.9307855838155623,137.52527459105477,0
27,27,0.1164927369867493,0.9272252506409986,91.4467985345982,0
27,27,-0.13072257550480734,0.6139205560468176,-102.61722177127376,0
27,27,0.1403873149394562,0.9670638726227685,110.20404222747311,0
27,27,0.1413219895350278,0.7018901691062939,110.93776178499684,0
27,27,0.42691997449287467,1.0553075787644959,335.1321799769066,0
27,27,-0.05187483513253225,0.6513224591922882,-40.721745579037815,0
27,27,0.19404830509488274,1.0345143833216424,152.32791949948296,0
27,27,0.10399519040124716,1.0419814098301516,81.63622446497902,0
27,27,0.2905576959175242,0.932584639810241,228.08779129525647,0
27,27,0.01214444242643228,0.6764035360762218,9.53338730474934,0
27,27,0.12405557019493667,0.8890988432703362,97.38362260302529,0
27,27,-0.017061025396013146,0.7356277368513775,-13.39290493587032,0
27,27,0.05862853439928145,0.7723359971233104,46.02339950343594,0
27,27,0.1060273102152452,1.0686371501437901,83.23143851896748,0
27,27,0.18385808365538148,0.9358488760154544,144.32859566947445,0
27,27,0.0015709862605354208,0.689570430592949,1.2332242145203054,0
27,27,0.07067810633178255,0.9764720089614313,55.4823134704493,0
27,27,0.04988945157083262,0.7199573983444495,39.1632194831036,0
27,27,0.052728372624227006,0.7210905263439181,41.3917725100182,0
27,27,-0.07077265613220016,0.5720431678775305,-55.55653506377712,0
27,27,0.2665316872553793,1.053946252083073,209.22737449547276,0
27,27,0.10496530104013291,0.9441734506569404,82.39776131650433,0
27,27,0.34211403509412125,1.0774666650685791,268.5595175488852,0
27,27,-0.02675270798681363,0.5690922019393566,-21.0008757696487,0
27,27,0.08672613194212317,0.858467922011412,68.08001357456669,0
27,27,0.16688374601909595,0.9673662153072115,131.00374062499031,0
27,27,-0.008445087775801587,0.7044145377724157,-6.629393904004246,0
27,27,0.23305491771086292,1.0418758720180605,182.94811040302739,0
27,27,0.028342532619810217,0.6940409356140181,22.24888810655102,0
27,27,0.05812265102449021,0.8519238025166136,45.62628105422482,0
27,27,0.03528881509770539,0.8361457538975651,27.701719851698726,0
27,27,0.1625356409597881,1.1162354545778392,127.59047815343365,0
27,27,0.3669158347490819,1.1380629557689133,288.0289302780293,0
27,27,0.3040392080897311,1.0483645011272038,238.67077835043892,0
27,27,0.04672599230020954,0.6873318766830808,36.679903955664486,0
27,27,0.09799067592722879,0.9524187813008357,76.9226806028746,0
27,27,0.3666778682161621,1.0436959777168353,287.84212654968724,0
27,27,0.14806175947746938,0.8737329009326693,116.22848118981346,0
27,27,0.2807741622274421,1.1275798432736182,220.40771734854206,0
27,27,0.05468835530944975,0.7354819694388579,42.930358917918056,0
27,27,0.1091110220018798,0.761242988627666,85.65215227147564,0
27,27,0.1460134896141281,0.8706986250612289,114.62058934709057,0
27,27,0.30330283700838495,0.970971378074177,238.0927270515822,0
27,27,0.06436573952424583,0.8578315739388988,50.52710552653298,0
27,27,0.21458870814282707,0.9645043451485145,168.45213589211926,0
27,27,0.07892020709373673,0.6393914651201148,61.95236256858334,0
27,27,0.09498961598428476,0.9402318579345992,74.56684854766354,0
27,27,0.08467308647491655,0.751762030480177,66.46837288280949,0
27,27,0.19105530062476825,0.9697452645691605,149.97841099044308,0
27,27,-0.030160980997310512,0.7641798119863947,-23.676370082888752,0
27,27,-0.00559050896187212,0.7114801062402724,-4.388549535069615,0
27,27,0.4220536557939734,1.05042281228591,331.3121197982691,0
27,27,0.01158532306824805,0.7831196593281202,9.094478608574718,0
27,27,0.05725205430737252,0.8314073465943018,44.942862631287426,0
27,27,0.020710388947705365,0.6400896504084692,16.25765532394871,0
27,27,0.2751942540637579,0.8285783413169083,216.02748944004998,0
27,27,-0.05827787351278458,0.916721607870889,-45.74813070753589,0
27,27,0.22820343747438424,0.9595223749323025,179.13969841739163,0
27,27,0.3021642389778451,1.134493498013725,237.19892759760842,0
27,27,-0.09823698006439835,0.6274997880497172,-77.11602935055271,0
27,27,0.21938413415922767,0.856059138849933,172.2165453149937,0
27,27,0.3066349649523047,1.0079488234644447,240.70844748755917,0
27,27,0.18069472195414507,0.9932639004805517,141.84535673400387,0
27,27,0.08449829691712549,0.8514527520189924,66.33116307994351,0
27,27,0.3999301858026843,1.1372324925041277,313.94519585510716,0
27,27,0.03586769544572872,0.7263135239025192,28.156140924897045,0
27,27,-0.08768543597061638,0.6290829703627278,-68.83306723693386,0
27,27,0.0847019453378762,1.7413182634745572,66.49102709023282,0
27,27,0.18931463493840994,1.0643893267737334,148.6119884266518,0
27,27,0.06900969504728724,0.8991695614504152,54.17261061212048,0
27,27,0.12339755570231255,0.6628934743739784,96.86708122631535,0
27,27,-0.08509856367388824,0.6358775828579614,-66.80237248400226,0
27,27,-0.08440903781907289,0.6322894266909092,-66.26109468797222,0
27,27,0.01892744289639934,0.96560522777012,14.85804267367348,0
27,27,0.04270690007752199,0.98090668256356,33.52491656085476,0
27,27,-0.045171116110364534,0.7180771365537838,-35.45932614663616,0
27,27,-0.0007384154429528743,0.7139417627376539,-0.5796561227180064,0
27,27,0.14497515253758259,0.8679606650220478,113.80549474200234,0
27,27,0.01327601394254216,0.7279920710680907,10.421670944895595,0
27,27,0.20827246798249852,1.0099423680496262,163.49388736626133,0
27,27,0.26347650054332084,0.9402431265549648,206.82905292650685,0
27,27,0.26419511728024314,1.155079122796525,207.39316706499085,0
27,27,0.06605911604336398,0.8510732557745676,51.85640609404072,0
27,27,0.11610628685552128,0.7710523044863898,91.14343518158421,0
27,27,0.0777603280410218,0.7821086800135211,61.041857512202114,0
27,27,0.16860492969952096,0.9868353237549262,132.35486981412396,0
27,27,0.1441773687975754,0.7052945911341237,113.17923450609669,0
27,27,0.1122707096652193,0.8521597067571488,88.13250708719715,0
27,27,0.02503990067975821,0.7469250379438084,19.656322033610195,0
27,27,0.030123949242506626,0.7862132693067435,23.647300155367702,0
27,27,0.03215769867406814,0.8908509725882124,25.24379345914349,0
27,27,-0.053445710268488544,0.6735850978467698,-41.95488256076351,0
27,27,0.17483367882135092,1.0367846567281613,137.24443787476048,0
27,27,0.16159600201863678,1.0612454926812132,126.85286158462986,0
27,27,-0.16813748752057647,0.6762731028210454,-131.98792770365253,1
27,27,-0.2259121111226357,0.5433818234373594,-177.34100723126903,1
27,27,-0.23741200106740473,0.5291347269411318,-186.3684208379127,1
27,27,-0.27623228229356894,0.5192374073811039,-216.84234160045162,1
27,27,-0.23952941545077666,0.5587494588548255,-188.03059112885967,1
27,27,-0.2271227746235005,0.549698203293716,-178.2913780794479,1
27,27,-0.2400925060728221,0.5497833846802747,-188.47261726716533,1
27,27,-0.22069573599643483,0.5286584249703495,-173.24615275720134,1
27,27,-0.2391484377472691,0.5326646990167402,-187.73152363160625,1
27,27,-0.24621660891433905,0.5391759789629478,-193.28003799775615,1
27,27,-0.13593207888933978,0.7952853923124119,-106.70668192813173,1
27,27,-0.1473213049049258,0.8084943264494441,-115.64722435036674,1
27,27,-0.22539125263133342,0.547804893810788,-176.93213331559673,1
27,27,-0.2907346863637732,0.5262999061337138,-228.22672879556194,1
27,27,-0.2339502675500313,0.5261130600096123,-183.65096002677456,1
27,27,-0.2604460383658624,0.5210151314517024,-204.45014011720195,1
27,27,-0.2137095907673382,0.5387357547313958,-167.7620287523605,1
27,27,-0.11288512734292894,0.6815275080611196,-88.61482496419922,1
27,27,-0.12802159983463063,0.6079376483449833,-100.49695587018505,1
27,27,-0.1816574370767328,0.5363322111489092,-142.60108810523525,1
27,27,-0.15313229469558712,0.5657496291847547,-120.20885133603588,1
27,27,-0.26598160904505924,0.528323340683538,-208.7955631003715,1
27,27,-0.1352649624162846,0.584746185275751,-106.1829954967834,1
27,27,-0.034539034676138954,0.687290387608869,-27.113142220769078,1
27,27,-0.20727324910805958,0.5406708768859256,-162.70950054982677,1
27,27,-0.22072967867764412,0.5330652569995484,-173.27279776195064,1
27,27,-0.15904922659811416,0.5554678000189828,-124.85364287951961,1
27,27,-0.1828129016272249,0.6241170685298304,-143.50812777737156,1
27,27,-0.25175171847378086,0.5943816927640468,-197.625099001918,1
27,27,-0.25875826105772026,0.5399279252990996,-203.1252349303104,1
27,27,-0.1710372608920239,0.5467920959303302,-134.26424980023876,1
27,27,-0.22642504796682364,0.5313331984783654,-177.74366265395656,1
27,27,-0.24444455189132103,0.5415259884573005,-191.888973234687,1
27,27,-0.23917033915129152,0.5332698563513758,-187.74871623376384,1
27,27,-0.24211677760656947,0.5895631000258428,-190.06167042115703,1
27,27,-0.3027363869776819,0.5186388855160866,-237.64806377748027,1
27,27,-0.17122342677454755,0.5769704936039103,-134.41039001801983,1
27,27,-0.24683914647562205,0.5274753428263341,-193.7687299833633,1
27,27,-0.260856392503283,0.5529273631421555,-204.77226811507717,1
27,27,-0.22750872031720296,0.556662600478738,-178.59434544900432,1
27,27,-0.3072660071816841,0.5205390033542656,-241.20381563762203,1
27,27,-0.2151291106139446,0.5282816759244356,-168.87635183194652,1
27,27,-0.18808005072330689,0.5675673614023249,-147.6428398177959,1
27,27,-0.2624257231196448,0.5389052224610112,-206.00419264892116,1
27,27,-0.2304556712964965,0.5413737944329989,-180.90770196774974,1
27,27,-0.22140113483390705,0.5756854290533228,-173.79989084461704,1
27,27,-0.2138263249075764,0.5567565322450324,-167.85366505244747,1
27,27,-0.2417482302808885,0.5484205915001626,-189.77236077049747,1
27,27,-0.07976730408763905,0.5861817068741947,-62.61733370879665,1
27,27,-0.24141322313422325,0.5210485835032286,-189.50938016036525,1
27,27,-0.20479006831635052,0.5495208648006397,-160.76020362833515,1
27,27,-0.24755679520653787,0.5336525714086732,-194.33208423713222,1
27,27,-0.3033115419594773,0.5248111166651716,-238.09956043818966,1
27,27,-0.2429844827391207,0.5682943051924193,-190.74281895020977,1
27,27,-0.2536602509231751,0.5352652340772664,-199.1232969746925,1
27,27,-0.08045120197318636,0.5882103580569674,-63.1541935489513,1
27,27,-0.16786025321989018,0.5357445926577946,-131.7702987776138,1
27,27,-0.27900828829058893,0.530895639919572,-219.0215063081123,1
27,27,-0.14184774718288878,0.5533010335677584,-111.35048153856769,1
27,27,-0.16387410178887332,0.5447220722275179,-128.64116990426555,1
27,27,-0.22732259570235375,0.6085330678247471,-178.4482376263477,1
27,27,0.09909084755512085,1.2758008105061427,77.78631533076987,1
27,27,-0.09000747634548766,0.830011732608412,-70.6558689312078,1
27,27,-0.18011139281817778,0.5849552437206444,-141.38744336226955,1
27,27,-0.2246907543586745,0.5990401357253893,-176.38224217155948,1
27,27,-0.09533951460757548,0.618721319274095,-74.84151896694675,1
27,27,-0.2597185732434937,0.528782623830632,-203.87907999614254,1
27,27,-0.23368211414985313,0.5246279604164005,-183.4404596076347,1
27,27,-0.24265756128521956,0.5360460796788122,-190.48618560889736,1
27,27,-0.21569750472060908,0.6021637957622755,-169.32254120567814,1
27,27,-0.24932671048660662,0.5318263111880787,-195.7214677319862,1
27,27,-0.06208586066213857,0.7778555944066619,-48.73740061977878,1
27,27,-0.23423758839927378,0.5487985741797115,-183.8765068934299,1
27,27,-0.2466848611813869,0.5331472666082786,-193.64761602738872,1
27,27,-0.1749571854883366,0.5521725768083878,-137.34139060834423,1
27,27,-0.13356771863771566,0.5360760064107267,-104.8506591306068,1
27,27,-0.25654302281001284,0.5264798717352417,-201.3862729058601,1
27,27,-0.12212052565293423,0.6933942516433044,-95.86461263755336,1
27,27,-0.19721992421883403,0.6098390258901903,-154.8176405117847,1
27,27,-0.25500764725136627,0.5422885009805294,-200.1810030923225,1
27,27,-0.2021388515907156,0.6100981618424969,-158.67899849871174,1
27,27,-0.15614187155381604,0.5347587484237183,-122.5713691697456,1
27,27,-0.2053025216795504,0.5342780498132631,-161.16247951844707,1
27,27,-0.26251178797464936,0.5376791770139249,-206.07175356009975,1
27,27,-0.1930785949804648,0.6944799933784845,-151.56669705966488,1
27,27,-0.2543838817584714,0.5528678140190005,-199.69134718040004,1
27,27,-0.1849583550605472,0.5381958944926846,-145.19230872252956,1
27,27,-0.20961885573579722,0.519026338724741,-164.55080175260082,1
27,27,-0.1872279767759714,0.5657492151985644,-146.97396176913753,1
27,27,-0.24688753367810967,0.5298306829168692,-193.8067139373161,1
27,27,0.10646791486781398,0.6513097223874325,83.57731317123398,1
27,27,-0.11948000101348871,0.6903181283073537,-93.79180079558864,1
27,27,-0.1452113202405251,0.6071195932313606,-113.99088638881221,1
27,27,-0.2706920922164372,0.525139097711375,-212.49329238990322,1
27,27,-0.269209695316163,0.5432594473658636,-211.32961082318798,1
27,27,-0.16510789940892986,0.5328349736942456,-129.60970103600994,1
27,27,-0.2598117562598151,0.5335861986253677,-203.95222866395488,1
27,27,-0.22434382028462496,0.5317553140069938,-176.1098989234306,1
27,27,-0.2108663981110095,0.5843855824558306,-165.53012251714244,1
27,27,-0.2663957482672468,0.5290440304688303,-209.12066238978878,1
27,27,0.17913224110735734,0.8946553285730319,140.61880926927552,2
27,27,0.011476284419156753,0.7259237068734737,9.008883269038051,2
27,27,0.03399083496836625,0.8489340482003246,26.682805450167507,2
27,27,0.1546869583327062,2.4669277301352652,121.42926229117438,2
27,27,-0.011117927310691708,1.015235059369938,-8.72757293889299,2
27,27,0.06976593128541947,3.903974519685834,54.766256059054285,2
27,27,-0.02025618713384696,0.9556386164639484,-15.901106900069863,2
27,27,0.28858374785453933,1.854274313322843,226.5382420658134,2
27,27,-0.1129771909118885,0.6285669820108987,-88.68709486583248,2
27,27,0.05287668733638089,0.8813039124927607,41.508199559058994,2
27,27,0.25742217857260136,1.367997962255205,202.0764101794921,2
27,27,0.16734375548578656,1.3931151069343488,131.36484805634245,2
27,27,0.119690643926596,0.8552420703210325,93.95715548237786,2
27,27,-0.024044063457756476,0.8709101244863746,-18.874589814338833,2
27,27,0.23945491084425596,0.9565756009372302,187.97210501274094,2
27,27,-0.0078067879560314545,0.8601242190986328,-6.128328545484692,2
27,27,-0.15060114959065038,0.581174158748407,-118.22190242866054,2
27,27,0.02542431461001942,0.7066779382689339,19.958086968865246,2
27,27,0.14377130360348495,0.970553050143544,112.86047332873568,2
27,27,-0.09646184440453057,0.6586404509412663,-75.72254785755649,2
27,27,0.1608733425171939,4.154334041047935,126.28557387599722,2
27,27,-0.08096439359875716,0.6624910426759956,-63.55704897502437,2
27,27,0.2308008454995123,1.0162279101495606,181.17866371711716,2
27,27,0.13066168408662934,0.9166119664808308,102.56942200800404,2
27,27,0.07000675840350758,1.252725409863779,54.95530534675345,2
27,27,0.09450422176308218,0.7884615456815162,74.18581408401951,2
27,27,0.19939971436823534,1.4362456963459431,156.52877577906474,2
27,27,-0.10829012467804704,0.6827723586886899,-85.00774787226692,2
27,27,0.17107790463847244,1.1880806782499846,134.29615514120087,2
27,27,0.10393882884709224,1.8890866586524067,81.5919806449674,2
27,27,-0.04984272835942306,0.850042864529563,-39.1265417621471,2
27,27,-0.1022387429199828,0.7959444545836709,-80.2574131921865,2
27,27,-0.007068687922374648,0.786228185800175,-5.548920019064099,2
27,27,0.13786021896406628,0.8308251629763617,108.22027188679203,2
27,27,0.23601929617950776,1.9368425670735956,185.2751475009136,2
27,27,0.17776809547535458,1.0882640746517764,139.54795494815335,2
27,27,0.1028583650204359,0.9733891400941479,80.74381654104218,2
27,27,0.1787131026120275,1.0233792697203303,140.2897855504416,2
27,27,-0.03234965848516981,0.7885965517664277,-25.394481910858303,2
27,27,0.17334215656385585,1.0367457026624716,136.07359290262684,2
27,27,0.14450136108181563,0.8231423113904811,113.43356844922528,2
27,27,0.00508696419975845,0.7863400383289217,3.9932668968103826,2
27,27,-0.11699682500533712,0.6223688153290592,-91.84250762918964,2
27,27,0.0012647388864806884,0.7372010631574378,0.9928200258873403,2
27,27,0.055294234682301616,0.7932994833315229,43.40597422560677,2
27,27,0.08393859211414767,1.4529465267770378,65.89179480960593,2
27,27,0.07806613980762803,0.9621564504055506,61.281919748988,2
27,27,0.06978995557221922,0.8957322126151622,54.78511512419209,2
27,27,0.1352769382268333,0.889416841317726,106.19239650806412,2
27,27,0.06394215131439505,0.7287217310938701,50.19458878180012,2
27,27,0.031204267844534034,1.1228138567603452,24.495350257959217,2
27,27,0.07047161551216131,0.6619211281774985,55.32021817704663,2
27,27,0.18201584155570455,0.91905991580881,142.88243562122807,2
27,27,-0.05762075107770076,0.9351671644873051,-45.2322895959951,2
27,27,0.1666144572216187,1.4252152702656717,130.79234891897067,2
27,27,-0.11913966790707722,0.6471062259054348,-93.52463930705562,2
27,27,0.14814468836886394,0.9501704792047335,116.29358036955819,2
27,27,0.08635245590251248,0.9378696589101899,67.7866778834723,2
27,27,-0.10885855086491841,0.6744215871948077,-85.45396242896095,2
27,27,0.27066038957245314,1.041592257095598,212.46840581437573,2
27,27,0.08012049980402278,0.8768160234019715,62.89459234615788,2
27,27,0.2488826501634043,1.204903292476717,195.37288037827238,2
27,27,0.16097985413222082,0.8274852311396272,126.36918549379334,2
27,27,0.020080371088923733,0.9432057765822366,15.76309130480513,2
27,27,0.19241445888557537,0.9579420273624928,151.04535022517666,2
27,27,0.2298714274926123,1.117126796474163,180.44907058170065,2
27,27,0.017324826009215633,0.737155173197,13.599988417234272,2
27,27,0.1250557262824172,0.9465446347558105,98.1687451316975,2
27,27,0.14693467695040593,0.9438912892046165,115.34372140606865,2
27,27,-0.022507059116770697,0.7639056375011002,-17.668041406664997,2
27,27,0.2205109470986589,1.0728692780921187,173.10109347244725,2
27,27,-0.09613971057033557,0.7149188395006487,-75.46967279771343,2
27,27,-0.11970959149929843,0.5920728291506935,-93.97202932694927,2
27,27,0.2739734086469053,1.2323240515709357,215.06912578782067,2
27,27,0.19557905639610756,1.7849775344657002,153.52955927094445,2
27,27,0.06855498207021196,0.8998903167066296,53.81566092511639,2
27,27,-0.0321711563742512,0.7279105464976,-25.25435775378719,2
27,27,-0.03857670775466379,0.7450781355740984,-30.282715587411076,2
27,27,0.05644698574083151,0.9908237371109115,44.31088380655274,2
27,27,0.10905140680290616,0.9522785727028966,85.60535434028134,2
27,27,-0.034774869944378256,0.9581464058970665,-27.298272906336933,2
27,27,0.21603129812854396,1.0351024248294174,169.584569030907,2
27,27,0.22125171615807399,1.0166378141670782,173.68259718408808,2
27,27,-0.011676567867042343,0.9096746832422828,-9.166105775628239,2
27,27,-0.020500401495866905,1.079424630388167,-16.09281517425552,2
27,27,0.28656334182437343,0.8222265820780493,224.95222333213314,2
27,27,-0.02408301683949532,0.8218267861701359,-18.905168219003826,2
27,27,-0.03864024975129469,0.9204403580992907,-30.332596054766327,2
27,27,-0.02936008686294696,0.6217882878252701,-23.047668187413365,2
27,27,0.26591772828310445,1.0184590337563135,208.74541670223698,2
27,27,0.3882748207723971,1.9872169780914433,304.7957343063317,2
27,27,0.11278843670122468,1.0866970994039051,88.53892281046137,2
27,27,0.21341172696097166,0.7474390280128838,167.52820566436276,2
27,27,0.12538657120256952,0.8349512269203426,98.42845839401707,2
27,27,-0.09346232729175004,0.6243879447472918,-73.36792692402378,2
27,27,0.19478193814006106,0.9111816437891551,152.90382143994793,2
27,27,0.025783259589462332,0.9419987620631625,20.23985877772793,2
27,27,0.1122152510739768,1.1097504848934476,88.08897209307179,2
27,27,-0.0038301789439075693,0.6451035538651397,-3.006690470967442,2
27,27,0.23222950027045455,1.091644840832261,182.30015771230683,2
27,27,0.13015300420996775,1.043758704592164,102.17010830482468,3
27,27,0.09387585251372615,0.8577698606388031,73.69254422327504,3
27,27,0.16473686426201728,1.4821568287365734,129.31843844568357,3
27,27,0.13423872745898405,0.8861145932806468,105.37740105530247,3
27,27,0.09168568909061467,1.3953141730282395,71.97326593613252,3
27,27,-0.030069075001012177,0.6654798015663648,-23.60422387579456,3
27,27,-0.09012343184785193,0.6735450950358705,-70.74689400056377,3
27,27,0.0628622923325154,0.8634909745896912,49.34689948102459,3
27,27,-0.09614880286026628,0.6404903087344576,-75.47681024530903,3
27,27,0.043588531076030175,0.7606761929544096,34.21699689468369,3
27,27,-0.04938962723241205,0.7578864111834702,-38.77085737744346,3
27,27,-0.10166009964279024,0.7510793034140001,-79.80317821959034,3
27,27,-0.04123602201806227,0.7830863709885625,-32.37027728417888,3
27,27,-0.14715893181088338,0.6024840118267257,-115.51976147154346,3
27,27,-0.09098608580945879,0.6302780675498437,-71.42407736042514,3
27,27,0.12226021999944073,0.7880187035285247,95.97427269956097,3
27,27,-0.11112240898203413,0.5819050046666762,-87.2310910508968,3
27,27,-0.03439988898065914,0.8216011352194109,-27.003912849817425,3
27,27,-0.15057513187847035,0.6365989275509076,-118.20147852459922,3
27,27,0.21155175671254278,1.0326793613963912,166.0681290193461,3
27,27,-0.08700150490388464,0.6441044623526021,-68.29618134954944,3
27,27,-0.0038818737486033305,0.6728688177806801,-3.0472708926536143,3
27,27,-0.07388334684133245,0.6701241202401254,-57.99842727044597,3
27,27,-0.011395249945841207,0.7414531498085251,-8.945271207485348,3
27,27,-0.049643257505313794,0.6373106495370042,-38.96995714167133,3
27,27,0.02941417377264162,0.7078412861487781,23.09012641152367,3
27,27,-0.17621832922587444,0.5844690351031739,-138.33138844231144,3
27,27,0.33353142619880427,1.2035272825787364,261.82216956606135,3
27,27,0.22453618799603195,0.925789323320793,176.26090757688507,3
27,27,-0.07005970174161967,0.6322562704642563,-54.99686586717144,3
27,27,0.2902822159628152,1.476818085820928,227.87153953080997,3
27,27,-0.051197810402839994,0.6940325811241382,-40.1902811662294,3
27,27,0.1389908555224775,0.790446816604673,109.10782158514485,3
27,27,0.1257424550279263,0.7939455115148055,98.70782719692215,3
27,27,0.034428020895927385,0.7384387589152231,27.025996403302997,3
27,27,0.1495597079888603,1.2539897013655004,117.40437077125534,3
27,27,0.06972058466843264,0.7929361347690079,54.73065896471962,3
27,27,0.1587337421021976,0.8942498967685881,124.60598755022511,3
27,27,0.16287711696628077,1.1230324828674858,127.85853681853041,3
27,27,0.05059255329464936,0.7758372235313663,39.71515433629975,3
27,27,-0.1425927511807887,0.6320857039352172,-111.93530967691913,3
27,27,0.0625050026917486,0.9234276535506616,49.066427113022655,3
27,27,0.1445513305028865,0.7362631594843604,113.4727944447659,3
27,27,-0.025908188073996717,0.7031905342378854,-20.33792763808742,3
27,27,-0.15716357880159262,0.6081517692194475,-123.37340935925022,3
27,27,-0.0956062488857016,0.6168127456295219,-75.05090537527576,3
27,27,-0.04458030004611915,0.7073683293716578,-34.99553553620353,3
27,27,0.3325557339598371,2.928416356985534,261.05625115847215,3
27,27,0.07202041153113838,0.7703853932713977,56.53602305194363,3
27,27,0.19389164611210774,0.9225114394566263,152.20494219800457,3
27,27,-0.11674558094934008,0.6612724826710611,-91.64528104523197,3
27,27,-0.0762923061070596,0.6450938065670855,-59.88946029404178,3
27,27,0.2090299195372707,1.2829776590212882,164.0884868367575,3
27,27,-0.11008167418526711,0.5554061569040681,-86.41411423543468,3
27,27,0.21580364268664626,1.1796629651797932,169.40585950901732,3
27,27,0.072735583290434,0.9278072917998976,57.09743288299069,3
27,27,0.04864129048422169,0.9942434054320677,38.183413030114025,3
27,27,-0.07747064878048886,0.6086305770843661,-60.81445929268375,3
27,27,0.11169519170252666,0.8104652504050025,87.68072548648342,3
27,27,0.22924881487503457,1.2054172422818141,179.96031967690215,3
27,27,0.08216511225802409,1.0057385515494872,64.49961312254891,3
27,27,0.08208015857406767,0.7367343254507726,64.43292448064312,3
27,27,-0.05543126513066281,0.7508510325802334,-43.5135431275703,3
27,27,-0.18730307798298776,0.5737309452951612,-147.0329162166454,3
27,27,0.27027807607950205,1.3425551681249592,212.1682897224091,3
27,27,0.2926172742388763,1.480352283726645,229.70456027751788,3
27,27,-0.12232641972375997,0.6350215352434427,-96.02623948315158,3
27,27,0.10027175921721349,0.9618276774907809,78.71333098551258,3
27,27,0.11229729119178121,0.9456040414587005,88.15337358554825,3
27,27,0.14082947478920316,1.7766825463772176,110.55113770952448,3
27,27,0.14873516366158607,1.137521100965921,116.75710347434506,3
27,27,0.04017317716661058,0.7144210798353683,31.535944075789303,3
27,27,-0.022793738969311025,0.6703190446141349,-17.893085090909153,3
27,27,0.09330868871146991,0.8021695132966108,73.24732063850388,3
27,27,-0.07546130205996951,0.5961887098008342,-59.23712211707607,3
27,27,-0.0010386925291531025,0.8911703873159421,-0.8153736353851855,3
27,27,0.00022352186156211385,0.6198239254440551,0.17546466132625937,3
27,27,0.24459388203100318,1.0103104991078713,192.0061973943375,3
27,27,-0.006248705856098681,0.8638118095993066,-4.905234097037464,3
27,27,-0.07092573354020715,0.6567725669502799,-55.67670082906261,3
27,27,0.0033747704373376006,0.6955275435632455,2.6491947933100164,3
27,27,0.07558551261937067,0.9626612599791999,59.33462740620598,3
27,27,0.2070294162098342,1.0270764396704253,162.51809172471985,3
27,27,0.36150497532372544,1.159654192843677,283.7814056291245,3
27,27,0.10675566509354172,2.035929323848818,83.80319709843025,3
27,27,-0.06669378428524182,0.607341648606192,-52.35462066391483,3
27,27,0.07783988572028318,0.9055251309182153,61.10431029042229,3
27,27,-0.07018329248508545,0.6954586954899623,-55.09388460079208,3
27,27,0.005158474226927112,0.8595764932105847,4.049402268137783,3
27,27,0.0005421116871011865,0.6787769849945688,0.42555767437443137,3
27,27,0.12180182329159539,2.1824515782403417,95.61443128390238,3
27,27,0.004663949713087196,0.7145746930313697,3.6612005247734487,3
27,27,-0.06080041127042121,0.8643644350291655,-47.72832284728065,3
27,27,-0.037290492936802706,0.7329483068191693,-29.273036955390126,3
27,27,0.1370465285287114,0.9486218074296642,107.58152489503846,3
27,27,0.08908993457710952,0.7211056064851722,69.93559864303097,3
27,27,0.1413002230576981,1.7160503493606896,110.92067510029301,3
27,27,0.077729360409864,0.7132384624693894,61.017547921743244,3
27,27,0.1295263840152532,0.8188054957115558,101.67821145197377,3
27,27,0.2160936330931534,1.13400672322065,169.63350197812542,3
27,27,-0.08768129118890235,0.9129064496657313,-68.82981358328834,4
27,27,0.050757141232751546,0.8479265672053056,39.844355867709965,4
27,27,-0.08171404713859698,0.6307530537341111,-64.14552700379863,4
27,27,-0.018133712990007773,0.7774135970430113,-14.234964697156101,4
27,27,0.11514249306563644,1.2140481531257798,90.3868570565246,4
27,27,0.05353803031182118,0.7470363875043814,42.02735379477963,4
27,27,-0.014850213305704343,0.7346003661270234,-11.65741744497791,4
27,27,-0.07611812125167744,0.7996598175748318,-59.75272518256679,4
27,27,-0.1030222868825647,0.6712696696126137,-80.8724952028133,4
27,27,0.03583047690083552,0.7975274882983361,28.12692436715588,4
27,27,-0.1646363808073483,0.5859396751671729,-129.23955893376842,4
27,27,0.010848796236548264,0.9647475750583013,8.516305045690387,4
27,27,-0.021789023392258366,0.7097941321148747,-17.104383362922817,4
27,27,0.009420885099987885,0.9640190365631612,7.39539480349049,4
27,27,-0.0017175403779526805,1.2942179950389852,-1.3482691966928542,4
27,27,-0.15319002731792203,0.689412387574417,-120.25417144456878,4
27,27,0.0370769422922497,0.9337154318505682,29.10539969941601,4
27,27,-0.06706494347127095,0.6292909859027778,-52.6459806249477,4
27,27,0.08513194924505178,1.0225573172145488,66.82858015736565,4
27,27,0.1376865731795455,0.9561622533794825,108.0839599459432,4
27,27,-0.0008949915676787022,0.7240613711500454,-0.7025683806277812,4
27,27,-0.06123694063573601,0.7979472173783551,-48.07099839905277,4
27,27,-0.006313741100940165,0.9651493371518522,-4.95628676423803,4
27,27,0.022015703675354933,0.9475770405144163,17.28232738515362,4
27,27,0.07688215927511549,0.7773360440674492,60.352495030965656,4
27,27,0.13354992898014986,1.179793798257377,104.83669424941763,4
27,27,0.2965214523557977,0.8520192827815091,232.7693400993012,4
27,27,-0.03294837588539264,0.757006138670951,-25.864475070033222,4
27,27,0.006340016151191133,0.8514746279422891,4.976912678685039,4
27,27,0.009401107519556572,0.6551653406435229,7.379869402851909,4
27,27,-0.07934852701665204,0.6942185122330423,-62.28859370807186,4
27,27,-0.15524181286822175,0.6387711701727369,-121.86482310155407,4
27,27,0.16084886439275115,1.4563677837542843,126.26635854830965,4
27,27,-0.1836471583415416,0.5722464252975487,-144.16301929811016,4
27,27,0.06345562521237762,0.7929765571724773,49.81266579171643,4
27,27,-0.05370871959799889,0.7818024574061295,-42.16134488442913,4
27,27,-0.19939610468176236,0.6748459324970689,-156.52594217518345,4
27,27,0.029991399228074558,0.8803219415560509,23.543248394038528,4
27,27,-0.08981230706747645,0.6194196148360471,-70.50266104796901,4
27,27,0.03274449114005562,0.8993187030730577,25.70442554494366,4
27,27,0.04961696793117626,1.0460692544999448,38.94931982597336,4
27,27,0.0230146384370887,0.9204510931315207,18.066491173114628,4
27,27,-0.12085767190749193,0.6062965847351821,-94.87327244738117,4
27,27,-0.013752052243087133,0.651152369215029,-10.795361010823399,4
27,27,0.08826758936700073,0.9335737967380365,69.29005765309557,4
27,27,-0.20914212821976869,0.5956506284166804,-164.17657065251842,4
27,27,-0.009895873067983587,0.7899478217864655,-7.768260358367115,4
27,27,-0.07518277859054269,0.6612420456314454,-59.01848119357601,4
27,27,-0.04865702200669107,0.7964918278177838,-38.19576227525249,4
27,27,-0.12000801194826984,0.5925540042217613,-94.20628937939182,4
27,27,-0.07316817379123561,0.6390696320583232,-57.43701642611995,4
27,27,0.06283641125544147,1.0507219419157814,49.32658283552155,4
27,27,0.0670657917969878,0.7091573519215731,52.64664656063542,4
27,27,0.14333846273114254,1.5834648079888038,112.52069324394688,4
27,27,-0.13057887945027583,0.6275838614485059,-102.50442036846653,4
27,27,0.16303543277784802,1.0392440476546982,127.9828147306107,4
27,27,-0.018870927249289054,0.7861742632815152,-14.813677890691906,4
27,27,0.2112607856103142,1.5218958186985154,165.83971670409665,4
27,27,-0.07551086882698782,0.6248099491871157,-59.276032029185444,4
27,27,0.15972607640407172,1.1828063928838357,125.3849699771963,4
27,27,0.1754506020047435,0.7765042005165285,137.72872257372364,4
27,27,-0.07869987616695132,0.6275351777933026,-61.77940279105678,4
27,27,-0.08196400570843346,0.6022169640129181,-64.34174448112026,4
27,27,0.07949349267265884,0.8907959701024811,62.40239174803719,4
27,27,-0.0037955550613344474,0.72941429367402,-2.9795107231475413,4
27,27,0.08240989395565573,0.8340413509576223,64.69176675518975,4
27,27,-0.09059585919247785,0.7321462278579484,-71.11774946609512,4
27,27,-0.11763354395427236,0.6170285816784865,-92.34233200410381,4
27,27,0.06536281562712827,0.7011216714305308,51.30981026729569,4
27,27,-0.0014800814478687799,0.8857568034374615,-1.1618639365769923,4
27,27,-0.038105372332961886,0.6431560317601263,-29.91271728137508,4
27,27,-0.04994446149119621,0.6952037913077116,-39.206402270589024,4
27,27,0.13969293620354337,0.968019309455124,109.65895491978154,4
27,27,-0.08708597744168464,0.7316470071489491,-68.36249229172245,4
27,27,-0.0707589025692243,0.942315109448104,-55.545738516841084,4
27,27,0.05262384054185763,0.7986439405086119,41.30971482535824,4
27,27,0.23651623679087705,1.6810384713895559,185.66524588083848,4
27,27,-0.0243361477051998,0.7287853227102875,-19.103875948581845,4
27,27,0.09492706191565865,0.7404090966739929,74.51774360379204,4
27,27,-0.011419023087568534,0.7604873276282539,-8.963933123741299,4
27,27,0.04955184471253662,0.8962011133581215,38.89819809934124,4
27,27,-0.11867424010293214,0.600269844261293,-93.15927848080173,4
27,27,-0.06669471878736356,0.7073041243334857,-52.3553542480804,4
27,27,-0.09768162517612622,0.9092437092926824,-76.68007576325908,4
27,27,-0.10061018751507067,0.639543057392164,-78.97899719933048,4
27,27,-0.012515431185175849,0.7580375737671378,-9.824613480363041,4
27,27,-0.05091109454074198,0.6711656337574281,-39.965209214482456,4
27,27,-0.14585874889129002,0.6321040058689402,-114.49911787966266,4
27,27,-0.009684350211647855,0.9131785270803247,-7.602214916143566,4
27,27,0.03484519188749088,0.8250177691307149,27.35347563168034,4
27,27,-0.015934539503850945,0.792774497246494,-12.508613510522991,4
27,27,-0.01075676113758592,0.659117429848205,-8.444057493004948,4
27,27,-0.11405878772982841,0.6307671061721453,-89.5361483679153,4
27,27,-0.09968793052218997,0.8056866120247332,-78.25502545991912,4
27,27,-0.004813333831513953,0.7019527361836843,-3.778467057738453,4
27,27,0.13085742896232921,1.5040032298414023,102.72308173542842,4
27,27,0.14221445622136164,0.9389037897960313,111.63834813376889,4
27,27,-0.16405173919584815,0.5543582011684391,-128.7806152687408,4
27,27,-0.12125896913812134,0.690496495143918,-95.18829077342525,4
27,27,-0.013956190710353434,0.7072879130042459,-10.955609707627445,4
27,27,0.016037957799164164,0.7106287572333395,12.589796872343868,5
27,27,0.2470386660800191,0.9119961835759635,193.92535287281498,5
27,27,0.2306740864464764,0.9968968957677379,181.07915786048397,5
27,27,0.11639244644872987,1.0816918203452506,91.36807046225294,5
27,27,-0.10976443478457962,0.8012071225384498,-86.165081305895,5
27,27,0.1948065327818559,0.8826673180652553,152.92312823375687,5
27,27,0.021971523156092996,0.8238496814486037,17.247645677533,5
27,27,-0.07202954952705913,0.6448355130825906,-56.54319637874141,5
27,27,0.004894974089233548,0.7231060579289978,3.842554660048336,5
27,27,0.04326099998430367,0.8136356805007573,33.95988498767838,5
27,27,-0.11319387063301008,0.7733420395475081,-88.85718844691291,5
27,27,0.12978862387537482,0.7913781860946075,101.88406974216923,5
27,27,0.028905139969673695,0.7831434690643906,22.69053487619385,5
27,27,-0.009839516933295567,0.8120384798389646,-7.72402079263702,5
27,27,-0.05814707468851072,0.6752146523004515,-45.645453630480915,5
27,27,0.03721063156214774,0.7873845063428281,29.210345776285976,5
27,27,-0.029950878762634126,0.6307657375665322,-23.51143982866779,5
27,27,-0.10337582387943652,0.9413112933408267,-81.15002174535766,5
27,27,-0.10640986698270319,0.6276277836783108,-83.531745581422,5
27,27,0.07723088594461987,3.3778270716556937,60.6262454665266,5
27,27,0.036965155869034254,0.7743075455334645,29.01764735719189,5
27,27,0.04609507599631977,0.8745838275182763,36.18463465711102,5
27,27,0.07769468252244553,0.8004938711450015,60.99032578011975,5
27,27,-0.019270916138983265,0.874209027222605,-15.127669169101864,5
27,27,0.07781727444202562,1.1638196076510272,61.08656043699011,5
27,27,-0.008953359702329158,0.7278880589912262,-7.0283873663283885,5
27,27,0.06401968009141125,0.9783083452008545,50.255448871757835,5
27,27,0.1694590798246965,0.8898413730931377,133.02537766238675,5
27,27,-0.07826896678881755,1.135117175354074,-61.44113892922178,5
27,27,-0.07239426651400081,0.8434938562731651,-56.829499213490635,5
27,27,0.0948813047871041,1.0094095705791446,74.48182425787672,5
27,27,-0.08682888863774336,0.6657229057282619,-68.16067758062854,5
27,27,-0.10148509835563363,0.8152298090751472,-79.6658022091724,5
27,27,0.15869791686333193,0.8892567852718815,124.57786473771557,5
27,27,0.12764125234939774,1.0506124968244424,100.19838309427723,5
27,27,-0.08824705568670183,0.9503888684025242,-69.27393871406093,5
27,27,-0.008715053195145669,0.7655604554936687,-6.84131675818935,5
27,27,0.3314072706914584,1.4858184112991388,260.15470749279484,5
27,27,0.0314315755673607,0.6031425512844929,24.673786820378155,5
27,27,0.020674795977130626,0.672308531371539,16.229714842047542,5
27,27,-0.1213898440817027,0.6026806550641031,-95.29102760413662,5
27,27,0.045324578821350624,1.3162606627358047,35.57979437476024,5
27,27,-0.09219106845617009,0.6722011783879801,-72.36998873809353,5
27,27,0.11833451717890277,1.209272492211738,92.89259598543867,5
27,27,-0.059264524051456886,0.905802470005394,-46.522651380393654,5
27,27,0.08548384367838312,0.912306843260616,67.10481728753075,5
27,27,0.18790329712010018,1.0462267539453158,147.50408823927864,5
27,27,0.1271653716369372,0.8741155104394397,99.8248167349957,5
27,27,-0.09421686495766993,0.6285423243521671,-73.9602389917709,5
27,27,-0.04130466037317161,0.9452343489167729,-32.42415839293972,5
27,27,0.016578634872819017,0.8110177930561749,13.01422837516293,5
27,27,-0.043443216932166344,1.1467179470532556,-34.10292529175058,5
27,27,0.12648079122126007,0.755981890178419,99.28742110868916,5
27,27,-0.08277893544584038,0.8279504948236311,-64.9814643249847,5
27,27,-0.07539161436888538,0.8629179199143227,-59.18241727957502,5
27,27,0.02905102830771713,1.221685881862223,22.805057221557945,5
27,27,0.1385976116528889,2.574792490596887,108.79912514751777,5
27,27,-0.08353414630256356,0.7709966008885112,-65.5743048475124,5
27,27,-0.13762704433730927,1.0702997631394262,-108.03722980478778,5
27,27,-0.11314659976477551,0.6390021117875347,-88.82008081534877,5
27,27,-0.065301940071094,0.9368058818965693,-51.26202295580879,5
27,27,-0.0025733590867536463,0.735746394607226,-2.0200868831016123,5
27,27,0.1598580251661408,0.8357294123942994,125.48854975542054,5
27,27,-0.14467819370863258,0.5760262529110688,-113.57238206127658,5
27,27,-0.10995891211720504,0.6770632285181064,-86.31774601200595,5
27,27,-0.013666174933907522,0.7457246148826936,-10.727947323117405,5
27,27,0.06446917085688869,0.7310645772403603,50.60829912265763,5
27,27,-0.00867579822149721,0.7682876734821508,-6.810501603875309,5
27,27,0.41053305029702986,7.7686603809989,322.2684444831684,5
27,27,0.09384789269619212,0.7937100105339627,73.67059576651081,5
27,27,-0.11593166449089434,0.6559755892045305,-91.00635662535205,5
27,27,0.028846990978523234,0.8623754728481089,22.64488791814074,5
27,27,0.050862061741886434,0.9345743487765595,39.92671846738085,5
27,27,-0.007218192107856843,0.772077763319789,-5.666280804667622,5
27,27,0.0001353816259771016,0.9777974455144928,0.10627457639202476,5
27,27,0.02107598622311737,0.8097301604499445,16.544649185147136,5
27,27,-0.009301822872796826,1.022070034794402,-7.301930955145508,5
27,27,0.06893270281647705,1.4781724551769935,54.11217171093449,5
27,27,-0.06907187119233096,0.6791313575524064,-54.2214188859798,5
27,27,-0.05705946327786252,0.8398620848734044,-44.79167867312208,5
27,27,0.06704843213402067,0.9572005406932386,52.633019225206226,5
27,27,-0.0440282518109366,0.7871845284677707,-34.56217767158523,5
27,27,0.1933289986904592,1.0108830151313026,151.76326397201046,5
27,27,0.19233690318206598,1.045566349372084,150.9844689979218,5
27,27,-0.03019862592421994,0.666943633436847,-23.705921350512654,5
27,27,0.021651596648938905,0.761372195369244,16.99650336941704,5
27,27,-0.08703661112850354,1.112287126954547,-68.32373973587528,5
27,27,0.116090642952117,0.8489894269212906,91.13115471741185,5
27,27,0.012742080080922053,1.3721824697184124,10.002532863523811,5
27,27,-0.14807424808965083,0.9416577312926229,-116.2382847503759,5
27,27,-0.0023697493354653478,0.766985008992684,-1.860253228340298,5
27,27,0.052692921413998506,0.9442204922564559,41.36394330998883,5
27,27,0.0028324066281650855,0.6821513344181358,2.223439203109592,5
27,27,-0.087024709979179,0.7354026915266505,-68.3143973336555,5
27,27,0.10474285630651625,0.9446937936638745,82.22314220061526,5
27,27,-0.10137914752136845,1.1956274441605002,-79.58263080427423,5
27,27,-0.007793963788919578,0.8230008466496594,-6.118261574301869,5
27,27,0.1567147063809168,1.0294343183010786,123.0210445090197,5
27,27,-0.07728506949119222,0.6639088840153938,-60.668779550585896,5
27,27,0.05493610478688482,0.7632690972748583,43.124842257704586,5
27,27,0.22633858757259645,1.9153463150960615,177.6757912444882,6
27,27,-0.016847335588139525,0.8589762449981662,-13.225158436689526,6
27,27,0.023255363668487142,1.1152997017889634,18.255460479762405,6
27,27,0.037276389475342384,0.8334964154877395,29.261965738143772,6
27,27,0.24287116240152412,1.2488406054401084,190.65386248519644,6
27,27,-0.0524704626013946,0.687749888870905,-41.18931314209476,6
27,27,0.013355112428759124,1.328213583429077,10.483763256575912,6
27,27,0.07830609748685721,1.1312288949182299,61.47028652718291,6
27,27,-0.15927383652739938,0.643251344522541,-125.02996167400852,6
27,27,3.547095367388361e-05,0.7972654136150842,0.027844698633998632,6
27,27,0.01833228573713238,2.1089863199437895,14.390844303648919,6
27,27,0.019668916609897544,0.8993566974599116,15.440099538769573,6
27,27,-0.054947461973828306,0.5998041257031315,-43.13375764945522,6
27,27,0.2681026347236601,1.1281745896620947,210.46056825807318,6
27,27,-0.03402981936374003,0.6540895444416609,-26.713408200535923,6
27,27,-0.18852298673372833,0.678708095194272,-147.99054458597675,6
27,27,0.35886018709190615,1.6149535817788032,281.70524686714634,6
27,27,0.17112151052340105,1.9051458730224173,134.33038576086983,6
27,27,0.006839624713441938,0.6882169147928952,5.369105400051922,6
27,27,0.05774085676582281,0.897100507714653,45.326572561170906,6
27,27,-0.13237369493136456,0.6459758671613439,-103.91335052112117,6
27,27,0.23380982039353934,2.49486991029222,183.5407090089284,6
27,27,-0.007925308565164258,0.8326508055351514,-6.221367223653942,6
27,27,0.11095870630934265,0.8557140797452125,87.10258445283398,6
27,27,0.055626558471518525,1.051235119004084,43.666848400142044,6
27,27,0.07447861205418684,0.8973945851411949,58.46571046253666,6
27,27,0.20571041634116488,1.413848180221852,161.48267682781443,6
27,27,0.15814432387127522,1.2494974861272592,124.14329423895106,6
27,27,0.013928415651795022,0.8615780390385256,10.933806286659092,6
27,27,-0.07077766924349081,0.7072259992582298,-55.560470356140286,6
27,27,-0.025577475138269603,0.7700463954168415,-20.078317983541638,6
27,27,0.07056212954068924,1.1159832328330799,55.391271689441055,6
27,27,-0.18347722882120188,0.7558286782600426,-144.02962462464347,6
27,27,-0.13226887898662004,0.6541357874770654,-103.83107000449672,6
27,27,0.03763901583885976,0.8318931999156867,29.54662743350491,6
27,27,-0.08155260059306291,0.6658976522852594,-64.01879146555439,6
27,27,0.026350372196264137,0.9832148863350346,20.68504217406735,6
27,27,0.01860441757413517,0.8290700146026893,14.60446779569611,6
27,27,0.12979212987183292,0.9147021820601613,101.88682194938883,6
27,27,0.14478876872794927,1.155054639347099,113.65918345144019,6
27,27,-0.023836428703514823,0.8833034718056438,-18.711596532259136,6
27,27,-0.17743457077237165,0.6679587346635347,-139.28613805631176,6
27,27,0.05509166291553029,1.4310654941556271,43.246955388691276,6
27,27,0.0008564373128305955,0.665689277916895,0.6723032905720174,6
27,27,0.03501113771051643,0.9094278661517219,27.483743102755398,6
27,27,0.002775191123579528,0.8152413225778977,2.1785250320099294,6
27,27,0.3296664149915669,0.9828360985784597,258.78813576838,6
27,27,0.01925831446780046,0.6812110170409548,15.117776857223362,6
27,27,0.0036468396538714316,0.681332797420156,2.8627691282890737,6
27,27,0.11079506652168693,0.8124198197725929,86.97412721952423,6
27,27,-0.08674605283589595,0.6938606242017452,-68.09565147617832,6
27,27,-0.021179496139216766,0.7508182460721963,-16.62590446928516,6
27,27,0.08831985670847782,0.8257434582527662,69.3310875161551,6
27,27,0.03174415466310397,0.7858730607993345,24.919161410536617,6
27,27,0.19738012355022655,0.8617545974393445,154.94339698692784,6
27,27,0.007847089744558569,0.8603892327993615,6.159965449478477,6
27,27,0.04386672354036361,0.88047884705402,34.43537797918543,6
27,27,-0.020737775873725012,0.8444259113401258,-16.279154060874134,6
27,27,0.13247084777244622,0.8558426514621258,103.98961550137028,6
27,27,-0.06322213544978932,0.8427049002684512,-49.62937632808462,6
27,27,-0.05942065034144718,0.7514226626094926,-46.64521051803604,6
27,27,-0.09133364106261521,0.6722820792328649,-71.69690823415294,6
27,27,-0.017969874779628532,0.7645151094503624,-14.106351702008396,6
27,27,0.17344493924040988,1.172894820497364,136.15427730372176,6
27,27,0.2545412757327175,1.20938931476599,199.81490145018324,6
27,27,0.0016338524183222823,0.6818816739094546,1.2825741483829916,6
27,27,0.34770090473388693,2.0295540276081883,272.94521021610126,6
27,27,0.16805688955399925,0.8702070465949874,131.92465829988942,6
27,27,-0.03051546101938862,0.6580355327792824,-23.954636900220066,6
27,27,-0.05745343290518518,0.835683451474479,-45.10094483057037,6
27,27,-0.04165448098247693,0.7362569372007659,-32.69876757124439,6
27,27,-0.06618726161267062,0.8715228343492689,-51.95700036594644,6
27,27,-0.0360318524140129,0.8796640009823343,-28.28500414500013,6
27,27,-0.004651275436708312,1.0834293981040761,-3.651251217816025,6
27,27,-0.007543865186132633,0.7683093246908028,-5.921934171114117,6
27,27,-0.06863184859620253,0.7079433858816907,-53.876001148018986,6
27,27,0.01737834389979957,0.7240855010240251,13.641999961342663,6
27,27,0.029046816489760093,0.9221931536515372,22.801750944461673,6
27,27,0.34875444527062927,1.3252842378726233,273.77223953744397,6
27,27,0.21674885650337405,1.455120045990081,170.14785235514864,6
27,27,-0.03744503948540919,0.8187090852917375,-29.394355996046215,6
27,27,-0.009295923806798117,0.9167947113262198,-7.297300188336521,6
27,27,0.01915040017301395,0.9010915436218051,15.033064135815948,6
27,27,0.11083018376557216,0.9546672345718984,87.00169425597414,6
27,27,-0.10524335117108978,0.8162591974853334,-82.61603066930547,6
27,27,0.1286910783730827,0.9651325948019277,101.02249652286991,6
27,27,0.25072322310405265,2.731460526673463,196.81773013668135,6
27,27,0.33933657652811167,1.0633270029499664,266.37921257456765,6
27,27,0.1544373696794508,0.9943942304435439,121.23333519836888,6
27,27,0.05876913112617887,0.729938449471719,46.13376793405041,6
27,27,0.1620982864308082,1.0294909398728531,127.24715484818444,6
27,27,0.14006186392170134,1.4158779313431291,109.94856317853555,6
27,27,-0.018068355519419453,0.9215155590976007,-14.18365908274427,6
27,27,-0.14678308244165816,0.7156807869298125,-115.22471971670166,6
27,27,-0.15927307195546236,0.6510593217534419,-125.02936148503795,6
27,27,0.27550446623817654,1.4039396665350083,216.2710059969686,6
27,27,0.015552273982910404,0.9780400734396777,12.208535076584667,6
27,27,0.0848772064153888,0.6942831732568111,66.62860703608021,6
27,27,-0.017582330219803533,0.7890420384722471,-13.802129222545773,6
27,27,0.011204168657849359,0.8193229217102015,8.795272396411747,6
27,27,-0.09347845763739222,0.7801527013947673,-73.3805892453529,7
27,27,-0.16171099378246886,0.6716262716637967,-126.94313011923805,7
27,27,-0.006439968334380418,1.0167315754188897,-5.055375142488629,7
27,27,-0.04756558852412613,0.9164752014155932,-37.338986991439015,7
27,27,-0.0894735375484511,0.9412827087928886,-70.23672697553411,7
27,27,-0.18745258446533683,0.7280923390314685,-147.15027880528942,7
27,27,0.014078795123892795,1.002356853656824,11.051854172255844,7
27,27,0.07122403002836428,1.0519283626601463,55.91086357226595,7
27,27,-0.15797522529117336,0.7331278449377868,-124.01055185357109,7
27,27,0.1596530482167034,2.1903016647166784,125.32764285011217,7
27,27,-0.022787534752208145,1.0533668809227548,-17.888214780483395,7
27,27,0.08807598428539694,1.5647304582423012,69.1396476640366,7
27,27,-0.13243110270838543,0.613212515136945,-103.95841562608257,7
27,27,0.1178428634639331,1.0800370444734755,92.50664781918749,7
27,27,-0.05943658856651301,0.9221132110179785,-46.65772202471271,7
27,27,0.07460498448378246,1.4217318047037175,58.56491281976923,7
27,27,-0.093479803364107,0.8325129231777076,-73.38164564082399,7
27,27,0.004552029122473897,1.0794328321166835,3.5733428611420095,7
27,27,-0.10979591380081075,0.6732783717273277,-86.18979233363643,7
27,27,-0.024552471449918997,0.7896232001699978,-19.273690088186413,7
27,27,0.003122532606765533,0.9642872595385665,2.4511880963109434,7
27,27,-0.10747743973888124,1.0067212943512398,-84.36979019502178,7
27,27,0.08348538400249401,1.4634569353452882,65.5360264419578,7
27,27,0.13212836010998508,1.255216126712302,103.72076268633828,7
27,27,-0.07231384908519448,0.7271493006904249,-56.76637153187767,7
27,27,-0.13307291018557113,0.6989200716783568,-104.46223449567333,7
27,27,-0.024887681385253074,0.830314149578539,-19.536829887423664,7
27,27,-0.014979113570183136,0.913288160538634,-11.758604152593762,7
27,27,0.058000516361752706,0.8579266242089572,45.53040534397587,7
27,27,0.002615611133563101,0.8177617558073219,2.053254739847034,7
27,27,-0.12004022495583838,0.7208297800578417,-94.23157659033313,7
27,27,-0.1623365492749793,0.6826373758455868,-127.43419118085876,7
27,27,-0.1410019437960426,0.6779526347980012,-110.68652587989345,7
27,27,0.2514498469882473,3.3472722527173078,197.3881298857741,7
27,27,-0.04435420430971274,0.7914706969702545,-34.8180503831245,7
27,27,-0.08593865636629379,0.7704745480981745,-67.46184524754062,7
27,27,-0.01688030301682224,1.3098087928871571,-13.251037868205458,7
27,27,0.179800151394692,1.253960318499049,141.14311884483323,7
27,27,-0.051848831429341984,0.7112894150365574,-40.70133267203346,7
27,27,-0.012538109575605886,0.8660175857563063,-9.84241601685062,7
27,27,-0.0916743291583458,0.7414081072891664,-71.96434838930145,7
27,27,-0.018288211389830347,1.0631375496586835,-14.356245941016823,7
27,27,-0.015563528294894536,0.9456727651730923,-12.21736971149221,7
27,27,0.13728719858784869,1.3464638674713563,107.77045089146122,7
27,27,0.049584904068096236,0.8120100712469744,38.92414969345555,7
27,27,-0.13077053017499055,0.7009012290141191,-102.65486618736759,7
27,27,-0.14354635746437747,0.6289726795521277,-112.68389060953632,7
27,27,-0.05045692390898705,0.689712451552291,-39.60868526855484,7
27,27,-0.06930446043717349,0.7334064508030064,-54.40400144318119,7
27,27,-0.013169439163675923,0.7658146393116908,-10.3380097434856,7
27,27,0.0545257617351688,0.8334293145745442,42.80272296210751,7
27,27,-0.22907605786054472,0.6161153333861873,-179.8247054205276,7
27,27,0.008948632241315712,0.7137675573283573,7.024676309432834,7
27,27,0.053746383226102895,1.342856390522767,42.19091083249077,7
27,27,0.009375311901116637,0.807494415432572,7.35961984237656,7
27,27,-0.13971334194503487,0.6221049261887216,-109.67497342685238,7
27,27,-0.14411553461282592,0.7563741753256983,-113.13069467106834,7
27,27,0.19498220766793675,1.612279599162173,153.06103301933035,7
27,27,-0.14487285737221123,0.7324827455182524,-113.72519303718582,7
27,27,-0.011505755343753251,0.8378466104184736,-9.032017944846302,7
27,27,0.2917114567337854,2.162812715432511,228.99349353602156,7
27,27,-0.019532544178306868,0.8125613647806892,-15.33304717997089,7
27,27,0.17488009197115423,0.9545143614864968,137.28087219735608,7
27,27,-0.0601779111613561,0.6193167255627239,-47.23966026166454,7
27,27,0.015818487005130312,0.7007563448684131,12.417512299027294,7
27,27,0.27841876337280985,0.9652496747342133,218.55872924765572,7
27,27,-0.08214884041422967,1.215756640081122,-64.48683972517028,7
27,27,-0.10835605472338143,0.6871279456779524,-85.05950295785442,7
27,27,0.03836904084784495,0.8276966019911847,30.119697065558285,7
27,27,-0.046850463632304384,0.7648842776702163,-36.777613951358944,7
27,27,-0.11620660230434339,0.6616081501381117,-91.22218280890957,7
27,27,0.004149049712095861,0.8846627770821184,3.2570040239952505,7
27,27,-0.009775311702114951,0.913394973548675,-7.673619686160237,7
27,27,-0.1099647678939068,0.8402914502406967,-86.32234279671684,7
27,27,-0.18020757470742627,0.6951005719678652,-141.46294614532962,7
27,27,-0.14834195382857493,0.9889861251469964,-116.44843375543132,7
27,27,-0.16951679142998757,0.642942930481481,-133.07068127254024,7
27,27,-0.09201632141888996,0.7239425565974936,-72.23281231382862,7
27,27,-0.032866839559713174,0.7832592262109376,-25.800469054374844,7
27,27,-0.062387621647731706,0.8413982945372587,-48.97428299346939,7
27,27,-0.09634434626182647,0.7946628405805689,-75.63031181553379,7
27,27,-0.02717327183041318,0.7663112900355524,-21.331018386874348,7
27,27,-0.08223774774640703,0.7619087389323401,-64.55663198092952,7
27,27,0.06506208111324413,0.979500793280922,51.07373367389664,7
27,27,0.15973580717079483,0.8925518531827147,125.39260862907395,7
27,27,-0.05710377490836059,0.8489886674060924,-44.826463303063065,7
27,27,-0.031114193482122795,0.9597519100476984,-24.424641883466393,7
27,27,0.03006553481137202,0.8462097812566823,23.601444826927036,7
27,27,0.10537491011949386,1.578339904866829,82.71930444380268,7
27,27,-0.014490573210819702,0.8578809644523094,-11.375099970493466,7
27,27,0.2533706008266824,0.9975639178895234,198.89592164894566,7
27,27,0.12124945310353759,1.500629712636879,95.180820686277,7
27,27,-0.03631292972417109,0.681647422973628,-28.50564983347431,7
27,27,0.24916955576853672,1.8946288193445977,195.59810127830133,7
27,27,-0.08246553414768189,0.7967238353220458,-64.73544430593029,7
27,27,0.17627271209446013,1.8275852249361397,138.3740789941512,7
27,27,-0.041508920878100736,0.7794559412226401,-32.58450288930908,7
27,27,-0.11948665851062745,0.6531552337728285,-93.79702693084255,7
27,27,-0.10100174528979666,0.7540025754400954,-79.28637005249038,7
27,27,-0.13528669377622807,0.6440634343656437,-106.20005461433902,7
27,27,0.24384365197757532,0.9387742356635115,191.41726680239663,8
27,27,0.001530696709705576,0.6951452874248443,1.2015969171188772,8
27,27,0.013815405966630976,0.7874821822140431,10.845093683805317,8
27,27,0.2519409547963292,1.1303165674496398,197.77364951511845,8
27,27,0.009454251931992116,0.7114985021767699,7.421587766613811,8
27,27,-0.007378964741257535,0.8641462284706188,-5.792487321887165,8
27,27,0.0747686808483948,0.7912019788743929,58.69341446598992,8
27,27,-0.06896571490237383,0.6436930349297311,-54.13808619836345,8
27,27,0.10861510683954427,0.8810004894468987,85.26285886904225,8
27,27,-0.16197630041545838,0.6413448924155158,-127.15139582613483,8
27,27,-0.05375964686950775,0.6822550355453562,-42.20132279256359,8
27,27,-0.018658528508393057,0.668696345832452,-14.64694487908855,8
27,27,-0.028546544528050218,0.8442492712069993,-22.40903745451942,8
27,27,0.36274327301853304,1.1705286479625072,284.75346931954846,8
27,27,0.03935702583770369,0.713740327498673,30.895265282597393,8
27,27,0.16954420655194646,0.9716156284849135,133.09220214327797,8
27,27,0.1909975114539503,0.7561212622636755,149.93304649135098,8
27,27,0.12741370723304002,0.8794094569255131,100.0197601779364,8
27,27,-0.07940452539059482,0.6658869466457569,-62.33255243161693,8
27,27,0.1526786522328806,0.8030352852617487,119.85274200281128,8
27,27,-0.06739515810077833,0.7288254124121251,-52.90519910911098,8
27,27,0.04634059812031259,0.687226236074291,36.377369524445385,8
27,27,-0.07444285002305724,0.6597212047742972,-58.437637268099934,8
27,27,-0.004365348624314662,0.6641274659973265,-3.4267986700870097,8
27,27,0.09386652045746803,0.8147733965755026,73.6852185591124,8
27,27,0.21762201474908335,0.9147587191796093,170.83328157803044,8
27,27,0.07068194378891093,0.6662173098620584,55.485325874295086,8
27,27,0.0983868586047772,0.8481383753392706,77.2336840047501,8
27,27,-0.03474694156165051,0.7398906018393556,-27.27634912589565,8
27,27,0.03142148018251084,0.8573829641540964,24.66586194327101,8
27,27,0.07948669043494164,0.7084119210752653,62.39705199142918,8
27,27,0.0694349470429692,0.7330600309055405,54.506433428730816,8
27,27,0.15983286746925893,0.8270369743836706,125.46880096336827,8
27,27,-0.028970600235732686,0.6994979377515774,-22.74192118505016,8
27,27,0.08554609125764791,0.6517880310878149,67.15368163725361,8
27,27,-0.02268383016833549,0.71200215160518,-17.80680668214336,8
27,27,-0.033535080918579534,0.6691598703172985,-26.325038521084934,8
27,27,-0.057335791198809626,0.6753342268304131,-45.008596091065556,8
27,27,-0.05737097942727102,0.6623798205365219,-45.03621885040775,8
27,27,0.00551229618715158,0.7813308635780373,4.32715250691399,8
27,27,0.0540538447980241,0.9153889491564606,42.43226816644892,8
27,27,0.21929096247538166,0.7781914350385322,172.1434055431746,8
27,27,0.07095043006394604,0.7063315313090339,55.69608760019764,8
27,27,0.02260275490902317,0.652841155486644,17.743162603583187,8
27,27,0.011720749642699957,0.6974172070664536,9.200788469519466,8
27,27,0.03494674081433636,0.700803388885403,27.43319153925404,8
27,27,0.12915247338675676,1.5923271826063428,101.38469160860404,8
27,27,0.22068532726365575,0.8517940174070376,173.23798190196976,8
27,27,-0.02102263083705192,0.6830568941135119,-16.50276520708576,8
27,27,0.042639912543284475,0.7506127029201113,33.47233134647831,8
27,27,0.13682476920105374,0.7478234250478835,107.40744382282719,8
27,27,-0.06608817432918082,0.6577603738100294,-51.87921684840694,8
27,27,0.13556149803327433,0.6699114701374144,106.41577595612034,8
27,27,0.14017904606013065,0.8239810494753697,110.04055115720257,8
27,27,0.3012103111281469,1.7781597876541069,236.45009423559532,8
27,27,0.10144814814909534,0.7383773020545623,79.63679629703984,8
27,27,0.04059581244245741,0.7331217003044497,31.867712767329067,8
27,27,0.24814989022186892,0.7961401908599229,194.7976638241671,8
27,27,0.07163890558621211,0.9241621992603822,56.23654088517651,8
27,27,0.13747537386823136,0.7354963428988192,107.91816848656163,8
27,27,0.37727813810098226,1.071568768766123,296.1633384092711,8
27,27,0.12220918369319314,0.7604740533615947,95.93420919915661,8
27,27,-0.003761092604843864,0.6526081638913844,-2.9524576948024333,8
27,27,-0.02395639214368098,0.7477181961593247,-18.80576783278957,8
27,27,0.02680936490072851,0.6886808442049975,21.04535144707188,8
27,27,0.01188304094170594,0.7155927082967856,9.328187139239162,8
27,27,0.08552349943157499,1.4838025068825826,67.13594705378637,8
27,27,-0.08291199176756155,0.6651011901204086,-65.08591353753582,8
27,27,-0.12849616351223012,0.6396807664806295,-100.86948835710064,8
27,27,0.18553018911806926,0.955507593483436,145.64119845768437,8
27,27,0.05538234783004329,0.6824210148848981,43.47514304658398,8
27,27,-0.07794730025313937,0.6660147715693878,-61.188630698714405,8
27,27,0.053698163637950734,0.7937987330196704,42.153058455791324,8
27,27,-0.09718052850988736,0.6324426361383311,-76.28671488026157,8
27,27,0.1477983652044586,0.8107508883718942,116.0217166855,8
27,27,0.10644943742793361,0.8769604348678391,83.56280838092789,8
27,27,0.011460698374019118,0.7117571145748368,8.996648223605007,8
27,27,0.23176579572390885,0.8515677205188147,181.93614964326844,8
27,27,-0.09191867902602074,0.6798334143020146,-72.15616303542629,8
27,27,-0.03957750713571337,0.6310649423360792,-31.068343101534992,8
27,27,0.1393585816707913,0.7039080558003965,109.39648661157116,8
27,27,0.16420955005143384,0.7668073855379669,128.90449679037556,8
27,27,0.04647704704729899,0.7373772242479548,36.48448193212971,8
27,27,-0.08173655856009217,0.6214217929716894,-64.16319846967235,8
27,27,0.11561409841665322,1.1028486133094522,90.75706725707278,8
27,27,0.17271555812293843,0.9919126131851697,135.58171312650666,8
27,27,0.03145773943430584,1.1600811761721836,24.694325455930084,8
27,27,0.12887624504970044,2.0895493026903806,101.16785236401483,8
27,27,0.24599528608986052,1.0055689826465624,193.1062995805405,8
27,27,0.19909884740011233,0.7299159196376611,156.29259520908818,8
27,27,0.12065683529433456,0.9215940109609718,94.71561570605263,8
27,27,0.09199798340808339,0.7861400238578763,72.21841697534546,8
27,27,-0.12874485565420643,0.6227398102274642,-101.06471168855205,8
27,27,0.08933473409918748,0.7859131134264449,70.12776626786217,8
27,27,0.24357330740435393,0.9881173648945233,191.20504631241783,8
27,27,0.19133062009776758,0.9733912972864337,150.19453677674755,8
27,27,0.08675097136159136,0.684763473562752,68.09951251884922,8
27,27,0.17665470538803252,0.8664215619855281,138.67394372960553,8
27,27,-0.01710540838124361,0.683951766492771,-13.427745579276234,8
27,27,0.1444116612925983,1.0414660720907756,113.36315411468968,8
27,27,-0.001089332948563395,0.7304353255481771,-0.8551263646222651,9
27,27,-0.06960507923452433,0.7355810995904831,-54.6399871991016,9
27,27,-0.019672602033657824,0.6559887358040108,-15.44299259642139,9
27,27,-0.09814451710635405,0.7364652014149083,-77.04344592848793,9
27,27,0.012152502303171879,0.6961297429315005,9.539714307989925,9
27,27,-0.06675677325896871,0.6767890191284613,-52.40406700829044,9
27,27,0.007885821497625416,0.897423798636622,6.190369875635952,9
27,27,-0.05606425552433179,0.7502538766232638,-44.01044058660045,9
27,27,-0.17673427682595363,0.6464630734607933,-138.7364073083736,9
27,27,-0.08447924028358357,0.6562283943000439,-66.3162036226131,9
27,27,-0.16524904592223702,0.6990262524373764,-129.72050104895607,9
27,27,-0.027596832876491128,0.7538898506559862,-21.663513808045536,9
27,27,-0.07100947588314391,0.7728103701929766,-55.74243856826797,9
27,27,-0.006502286528065136,0.8090798051035571,-5.104294924531132,9
27,27,0.021058063941657733,0.7692940039419196,16.53058019420132,9
27,27,-0.09262383094081168,0.9132557774668616,-72.70970728853717,9
27,27,0.15291595238966832,1.148793329927301,120.03902262588963,9
27,27,-0.135308214944378,0.8082910200482786,-106.21694873133674,9
27,27,-0.09636406283291757,0.6386906534825949,-75.64578932384029,9
27,27,-0.11659984565666243,0.6702882775200123,-91.53087884048,9
27,27,-0.09404190831704978,0.653859719558021,-73.82289802888408,9
27,27,0.17008483930176516,0.8072814614617658,133.51659885188565,9
27,27,-0.07061401408011461,0.7236238496512694,-55.43200105288997,9
27,27,-0.11121756965769039,0.6767874768202583,-87.30579218128696,9
27,27,-0.024001399971615926,0.7671761039884836,-18.841098977718502,9
27,27,-0.023053676305801435,0.6933456141678588,-18.097135900054127,9
27,27,-0.0541736395098269,0.7696286177587759,-42.526307015214115,9
27,27,0.08458047607130591,1.340200151261606,66.39567371597514,9
27,27,-0.0633057237128211,0.8700564400968047,-49.69499311456457,9
27,27,-0.08229446037002146,0.6969329950570068,-64.60115139046684,9
27,27,0.012867772656902197,0.6678165652421877,10.101201535668224,9
27,27,-0.05120879212204533,0.774214913278475,-40.198901815805584,9
27,27,0.090401684670193,1.0844981054904204,70.9653224661015,9
27,27,-0.13619345891449577,0.7572384578444965,-106.91186524787918,9
27,27,-0.04821681072579542,0.6591221355239081,-37.85019641974941,9
27,27,0.053129749998426554,0.7131542315755155,41.70685374876484,9
27,27,-0.03669212179400833,0.6785328660174321,-28.803315608296543,9
27,27,-0.04421762229732362,0.7186745308879303,-34.710833503399044,9
27,27,0.07392371974731232,0.843047421508888,58.03012000164017,9
27,27,0.004481344258970326,0.7739258326224555,3.517855243291706,9
27,27,-0.014909949517292772,0.7778387074618894,-11.704310371074826,9
27,27,-0.11239839547201042,0.7191812917436273,-88.23274044552818,9
27,27,0.02457091819886474,0.6970331470708453,19.28817078610882,9
27,27,-0.1397241557461868,0.7043237934872352,-109.68346226075664,9
27,27,-0.009798160857954033,0.7250925074349751,-7.691556273493916,9
27,27,-0.1257654364873317,0.7344396288952313,-98.72586764255539,9
27,27,-0.10478610521490882,0.7719897663346605,-82.25709259370342,9
27,27,-0.07380036927913879,0.7084713759501192,-57.93328988412395,9
27,27,0.09119597400247956,0.7936193074526118,71.58883959194645,9
27,27,-0.11201605065814724,0.7881442731273064,-87.93259976664558,9
27,27,0.07023341562895544,0.7542778607045397,55.133231268730015,9
27,27,0.04205019538747562,0.7579357931094274,33.00940337916836,9
27,27,0.3465216027531227,1.1064612216911727,272.0194581612013,9
27,27,-0.06285982494343333,0.6849422736905914,-49.344962580595165,9
27,27,0.17305696667557594,1.0472936869044087,135.8497188403271,9
27,27,0.10986202429612256,1.2874899591321562,86.24168907245621,9
27,27,0.06567737357809571,1.1646753356461192,51.556738258805126,9
27,27,0.020745909291728856,0.7248474600896533,16.285538794007152,9
27,27,-0.08550441287707086,0.6656909852645371,-67.12096410850063,9
27,27,0.0037823323154477935,0.8669065303126069,2.969130867626518,9
27,27,0.0928020032935414,0.8209740711737382,72.84957258543,9
27,27,-0.025676917553446286,0.7085976414457307,-20.156380279455334,9
27,27,-0.08862681363999939,0.7111770812091721,-69.57204870739952,9
27,27,-0.007755326762629353,1.4452162267173907,-6.087931508664042,9
27,27,0.013517604456846691,0.8044372956800349,10.611319498624653,9
27,27,-0.030340032401097238,0.7993918820373147,-23.816925434861332,9
27,27,-0.14082467506467633,0.6570747198087342,-110.54736992577091,9
27,27,-0.12870536102812477,0.8521179555115181,-101.03370840707794,9
27,27,-0.1160410459236402,0.7990474092425726,-91.09222105005756,9
27,27,0.09141123108981046,0.8030573640413343,71.75781640550122,9
27,27,-0.11137283349314787,0.6525338538223507,-87.42767429212108,9
27,27,-0.08950807858246622,0.6415437377315671,-70.26384168723598,9
27,27,-0.15917845945271433,0.6508255435799135,-124.95509067038074,9
27,27,-0.023498490887581353,0.6596482982404103,-18.446315346751362,9
27,27,-0.12504513669747172,0.7165291512032926,-98.1604323075153,9
27,27,0.06439875625489148,0.971696813612117,50.55302366008982,9
27,27,0.01335245922480704,1.7485401503783957,10.481680491473526,9
27,27,0.01888625531807352,1.1685579703642521,14.825710424687713,9
27,27,0.007139193595855669,0.7521455624088376,5.6042669727467,9
27,27,-0.006819186732766165,0.7701745527812441,-5.35306158522144,9
27,27,0.09227960144056921,0.9783539579185767,72.43948713084683,9
27,27,-0.007185540740395997,0.6972854142008209,-5.640649481210858,9
27,27,0.05686336442721403,0.7667940443529624,44.63774107536301,9
27,27,0.04809917122493409,0.7771962226494227,37.75784941157326,9
27,27,-0.13778609513678844,0.70715344208376,-108.16208468237892,9
27,27,0.07843891548491112,1.3112926056055887,61.574548655655235,9
27,27,-0.13624495461310265,0.7489362593205212,-106.95228937128559,9
27,27,-0.10716379047401108,0.7426349299046645,-84.12357552209869,9
27,27,0.03725910369176299,0.7458060914670286,29.248396398033947,9
27,27,-0.019352080837295504,0.8919977356308185,-15.19138345727697,9
27,27,0.08217243182229673,0.7104343178227189,64.50535898050293,9
27,27,-0.06226367247913768,0.640218720551846,-48.87698289612308,9
27,27,-0.0567787748785203,0.6967935585681496,-44.57133827963844,9
27,27,-0.029646295924214233,0.9216579033549981,-23.27234230050817,9
27,27,-0.004830142910811742,0.6855712012714252,-3.791662184987217,9
27,27,-0.11582365461037891,0.7354473570322512,-90.92156886914745,9
27,27,0.018602855970406798,0.8032518086308932,14.603241936769336,9
27,27,-0.11143307873599563,0.6733064360852741,-87.47496680775657,9
27,27,-0.14912243328668223,0.8253667200562581,-117.06111013004556,9
27,27,0.18536288395322337,1.663985731475894,145.50986390328035,9
